account_name|active
NewzBoxOffice|True
leftgr|True
enikos_gr|False
Stravoxylo|False
Suuhmo__Joatmu|False
apokalyptikodel|False
divine_act|False
kyriakosmerelis|False
meligalise_it|False
DimitrisY|False
NatGeo|False
Mr_Considerate|False
TNTwebdesign|False
KonstantinosQ|False
Ta_zGa|False
rolalaloves|False
mardimgeorge|False
KA_Adventures|False
G_Roula|False
TechCommGeekMom|False
ItsTime_2Smile|False
CMGNationalNews|False
christsok|False
silivas1970|False
stevesilberman|False
bravo4egypt|False
nytimes|True
nzm_chy|False
SYNaristera|False
LWArtWork|False
NewsKlik|False
MauriceShannon|False
syriza_gr|False
atypos_com|False
Paratiritirio_|True
